{"0.0": {"precision": 0.8938492063492064, "recall": 0.8483992467043314, "f1-score": 0.8705314009661836, "support": 1062.0}, "1.0": {"precision": 0.8495327102803738, "recall": 0.8946850393700787, "f1-score": 0.8715244487056567, "support": 1016.0}, "accuracy": 0.8710298363811357, "macro avg": {"precision": 0.87169095831479, "recall": 0.871542143037205, "f1-score": 0.8710279248359202, "support": 2078.0}, "weighted avg": {"precision": 0.8721814681365337, "recall": 0.8710298363811357, "f1-score": 0.8710169334509309, "support": 2078.0}}